{
  "versionDate": "2019-02-05T07:00:00Z",
  "baseUrl": "https://www.magentasport.de",
  "apiUrlExtension": "/api/v2",
  "loginUrlExtension": "/service/auth/web/login?headto=%s/info",
  "loginEndpoint": "https://accounts.login.idm.telekom.com/sso",
  "videoUrlExtension": "/service/player/streamAccess",
  "videoUrlParams": "?videoId=%s&label=2780_hls",
  "bannerImageUrl": "https://www.telekomsport.de/images/share_img_fb.jpg",
  "sports": [
    {
      "title": "Basketball",
      "imageUrlExtension": "https://cdn.pixabay.com/photo/2015/09/16/00/13/basketball-941996_960_720.png",
      "pageExtension": "/basketball"
    },
    {
      "title": "Eishockey",
      "imageUrlExtension": "https://cdn.pixabay.com/photo/2015/12/09/04/36/ice-hockey-1084197_960_720.jpg",
      "pageExtension": "/eishockey/del"
    },
    {
      "title": "Fussball",
      "imageUrlExtension": "https://cdn.pixabay.com/photo/2016/05/20/21/57/football-1406106_960_720.jpg",
      "pageExtension": "/fussball"
    },
    {
      "title": "Fighting",
      "imageUrlExtension": "https://cdn.pixabay.com/photo/2012/10/25/23/32/box-62867_960_720.jpg",
      "pageExtension": "/fighting"
    },
    {
      "title": "Sky",
      "imageUrlExtension": "/images/ssk.png",
      "pageExtension": "/sky"
    },
    {
      "title": "FCB Tv",
      "imageUrlExtension": "/images/editorial/Logos/Bewerb-Logos/FCBTVLive-Logo-3C-2.png",
      "pageExtension": "/fc-bayern-tv-live"
    }
  ],
  "competitions": [
    {
      "title": "Easycredit BBL",
      "imageUrlExtension": "/images/editorial/Logos/Bewerb-Logos/bbl.png",
      "pageExtension": "/basketball/bbl"
    },
    {
      "title": "MagentaSport BBL Pokal",
      "imageUrlExtension": "/images/editorial/Logos/Bewerb-Logos/bbl-pokal-black-mini5.png",
      "pageExtension": "/basketball/bbl_pokal"
    },
    {
      "title": "Basketball Turkish Airlines Euroleague",
      "imageUrlExtension": "/images/editorial/Logos/Bewerb-Logos/euroleague.png",
      "pageExtension": "/basketball/euroleague"
    },
    {
      "title": "Basketball 7Days Eurocup",
      "imageUrlExtension": "/images/editorial/Logos/Bewerb-Logos/eurocup.png",
      "pageExtension": "/basketball/eurocup"
    },
    {
      "title": "Basketball Länderspiele",
      "imageUrlExtension": "/images/editorial/Logos/Bewerb-Logos/bbl-laenderspiele.png",
      "pageExtension": "/basketball/laenderspiele"
    },
    {
      "title": "Deutsche Eishockey Liga",
      "imageUrlExtension": "/images/editorial/Logos/Bewerb-Logos/del.png",
      "pageExtension": "/eishockey/del"
    },
    {
      "title": "Eishockey Länderspiele",
      "imageUrlExtension": "/images/editorial/Logos/DEB-3D.PNG",
      "pageExtension": "/eishockey/deb"
    },
    {
      "title": "3. Liga",
      "imageUrlExtension": "/images/editorial/Logos/Bewerb-Logos/3_liga_gro__.png",
      "pageExtension": "/fussball/3-liga"
    },
    {
      "title": "Frauen-Bundesliga",
      "imageUrlExtension": "/images/editorial/Logos/Bewerb-Logos/allianz.png",
      "pageExtension": "/fussball/frauen-bundesliga"
    },
    {
      "title": "FC Bayern.TV",
      "imageUrlExtension": "/images/editorial/Logos/Bewerb-Logos/FCBTVLive-Logo-3C-2.png",
      "pageExtension": "/fc-bayern-tv-live"
    },
    {
      "title": "Sky Bundesliga",
      "imageUrlExtension": "/images/editorial/Logos/Sky/bl_logo_SKY.png",
      "pageExtension": "/sky/bundesliga"
    },
    {
      "title": "Sky Champions League",
      "imageUrlExtension": "/images/editorial/Logos/Sky/ucl_logo_sky.png",
      "pageExtension": "/sky/champions-league"
    },
    {
      "title": "Sky Handball Bundesliga",
      "imageUrlExtension": "/images/editorial/Logos/Sky/hbl_logo_sky.png",
      "pageExtension": "/sky/handball-bundesliga"
    },
    {
      "title": "Boxen",
      "imageUrlExtension": "/images/editorial/Logos/Bewerb-Logos/boxen_2x.png",
      "pageExtension": "/fighting/boxen"
    },
    {
      "title": "MMA",
      "imageUrlExtension": "/images/editorial/Logos/Bewerb-Logos/mma_2x.png",
      "pageExtension": "/fighting/mma"
    },
    {
      "title": "Weitere Kampfsportarten",
      "imageUrlExtension": "/images/editorial/Logos/Bewerb-Logos/weitere-kampsportarten.png",
      "pageExtension": "/fighting/bestoftherest"
    }
  ]
}